source,native,name,p_value,significant,description,term_size,query_size,intersection_size,effective_domain_size,precision,recall,query,parents
GO:BP,GO:0070383,DNA cytosine deamination,0.0032146026057024895,True,"""The removal of an amino group from a cytosine residue in DNA, forming a uracil residue."" [GOC:mah]",9,229,4,20972,0.017467248908296942,0.4444444444444444,query_1,['GO:0045006']
GO:BP,GO:0099046,clearance of foreign intracellular nucleic acids,0.04823877971554818,True,"""A defense process that protects an organism from DNA or RNA from an invading organism."" [GO:dos]",6,229,3,20972,0.013100436681222707,0.5,query_1,['GO:0140546']
GO:BP,GO:0044355,clearance of foreign intracellular DNA,0.04823877971554818,True,"""A defense process that protects an organism from invading foreign DNA."" [GO:jl, PMID:20062055]",6,229,3,20972,0.013100436681222707,0.5,query_1,['GO:0099046']
GO:BP,GO:0031669,cellular response to nutrient levels,0.007657637840000778,True,"""Any process that results in a change in state or activity of a cell (in terms of movement, secretion, enzyme production, gene expression, etc.) as a result of a stimulus reflecting the presence, absence, or concentration of nutrients."" [GOC:mah]",250,229,13,20972,0.056768558951965066,0.052,query_1,"['GO:0031667', 'GO:0051716']"
GO:BP,GO:0006810,transport,0.008084700365769828,True,"""The directed movement of substances (such as macromolecules, small molecules, ions) or cellular components (such as complexes and organelles) into, out of or within a cell, or between cells, or within a multicellular organism by means of some agent such as a transporter or a transporter complex, a pore or a motor protein."" [GOC:dos, GOC:dph, GOC:jl, GOC:mah]",4370,229,77,20972,0.33624454148471616,0.017620137299771167,query_1,['GO:0051234']
GO:BP,GO:0045869,negative regulation of single stranded viral RNA replication via double stranded DNA intermediate,0.008275522817749318,True,"""Any process that stops, prevents, or reduces the frequency, rate or extent of single stranded viral RNA replication via double stranded DNA intermediate."" [GOC:go_curators]",11,229,4,20972,0.017467248908296942,0.36363636363636365,query_1,"['GO:0039692', 'GO:0045071', 'GO:0045091', 'GO:1902679']"
GO:BP,GO:0016554,cytidine to uridine editing,0.012306963461492086,True,"""The conversion of a cytosine residue to uridine in an RNA molecule by deamination."" [PMID:11092837]",12,229,4,20972,0.017467248908296942,0.3333333333333333,query_1,['GO:0016553']
GO:BP,GO:0039694,viral RNA genome replication,0.015588543224724383,True,"""The replication of a viral RNA genome."" [GOC:bf, GOC:jl]",26,229,5,20972,0.021834061135371178,0.19230769230769232,query_1,"['GO:0019079', 'GO:0032774']"
GO:BP,GO:0045006,DNA deamination,0.017624515735538256,True,"""The removal of an amino group from a nucleotide base in DNA. An example is the deamination of cytosine to produce uracil."" [GOC:ai]",13,229,4,20972,0.017467248908296942,0.3076923076923077,query_1,['GO:0006304']
GO:BP,GO:0039692,single stranded viral RNA replication via double stranded DNA intermediate,0.0007849595228804543,True,"""A viral genome replication where the template is single-stranded RNA (ssRNA), and which proceeds via a double stranded DNA (dsDNA) intermediate molecule. Viral genomic RNA is first reverse transcribed into dsDNA, which integrates into the host chromosomal DNA, where it is transcribed by host RNA polymerase II."" [GOC:bf, GOC:jl, ISBN:0198506732, VZ:1937]",15,229,5,20972,0.021834061135371178,0.3333333333333333,query_1,['GO:0039694']
GO:BP,GO:0045091,regulation of single stranded viral RNA replication via double stranded DNA intermediate,0.0244631228973826,True,"""Any process that modulates the frequency, rate or extent of single stranded viral RNA replication via double stranded DNA intermediate."" [GOC:go_curators]",14,229,4,20972,0.017467248908296942,0.2857142857142857,query_1,"['GO:0039692', 'GO:0045069', 'GO:2001141']"
GO:BP,GO:0033036,macromolecule localization,0.03431481671486984,True,"""Any process in which a macromolecule is transported to, or maintained in, a specific location."" [GOC:mah]",2876,229,55,20972,0.24017467248908297,0.01912378303198887,query_1,['GO:0051179']
GO:CC,GO:0031966,mitochondrial membrane,0.02010463066572421,True,"""Either of the lipid bilayers that surround the mitochondrion and form the mitochondrial envelope."" [GOC:mah, NIF_Subcellular:sao1045389829]",796,237,22,22155,0.09282700421940929,0.02763819095477387,query_1,"['GO:0005740', 'GO:0031090']"
GO:CC,GO:0031090,organelle membrane,0.009649626938547368,True,"""A membrane that is one of the two lipid bilayers of an organelle envelope or the outermost membrane of single membrane bound organelle."" [GOC:dos, GOC:mah]",3868,237,67,22155,0.28270042194092826,0.01732161323681489,query_1,"['GO:0016020', 'GO:0043227']"
GO:CC,GO:0005829,cytosol,0.014209392644273178,True,"""The part of the cytoplasm that does not contain organelles but which does contain other particulate matter, such as protein complexes."" [GOC:hjd, GOC:jl]",5607,237,88,22155,0.37130801687763715,0.015694667380060638,query_1,"['GO:0005737', 'GO:0110165']"
GO:CC,GO:0030054,cell junction,0.018952533866837765,True,"""A cellular component that forms a specialized region of connection between two or more cells, or between a cell and the extracellular matrix, or between two membrane-bound components of a cell, such as flagella."" [GOC:aruk, GOC:bc, GOC:mah, ISBN:0198506732, PMID:26820516, PMID:28096264]",2370,237,46,22155,0.1940928270042194,0.019409282700421943,query_1,['GO:0110165']
GO:CC,GO:0016020,membrane,0.0002949789126803734,True,"""A lipid bilayer along with all the proteins and protein complexes embedded in it and attached to it."" [GOC:dos, GOC:mah, ISBN:0815316194]",9975,237,144,22155,0.6075949367088608,0.01443609022556391,query_1,['GO:0110165']
GO:CC,GO:0005737,cytoplasm,3.928862824425108e-08,True,"""The contents of a cell excluding the plasma membrane and nucleus, but including other subcellular structures."" [ISBN:0198547684]",12601,237,182,22155,0.7679324894514767,0.014443298150940401,query_1,"['GO:0005622', 'GO:0110165']"
GO:CC,GO:0005740,mitochondrial envelope,0.04787058030578912,True,"""The double lipid bilayer enclosing the mitochondrion and separating its contents from the cell cytoplasm; includes the intermembrane space."" [GOC:ai, GOC:pz]",845,237,22,22155,0.09282700421940929,0.02603550295857988,query_1,"['GO:0005739', 'GO:0031967']"
GO:CC,GO:0005739,mitochondrion,0.0358850470072889,True,"""A semiautonomous, self replicating organelle that occurs in varying numbers, shapes, and sizes in the cytoplasm of virtually all eukaryotic cells. It is notably the site of tissue respiration."" [GOC:giardia, ISBN:0198506732]",1865,237,38,22155,0.16033755274261605,0.02037533512064343,query_1,"['GO:0005737', 'GO:0043231']"
GO:MF,GO:0060090,molecular adaptor activity,0.03207130006141773,True,"""The binding activity of a molecule that brings together two or more molecules through a selective, non-covalent, often stoichiometric interaction, permitting those molecules to function in a coordinated way."" [GOC:mtg_MIT_16mar07, GOC:vw]",1334,235,32,20208,0.13617021276595745,0.0239880059970015,query_1,['GO:0003674']
GO:MF,GO:0004126,cytidine deaminase activity,0.0033611835747568873,True,"""Catalysis of the reaction: cytidine + H+ + H2O = uridine + NH4 and deoxycytidine + H+ + H2O = deoxyuridine + NH4+."" [EC:3.5.4.5]",12,235,4,20208,0.01702127659574468,0.3333333333333333,query_1,"['GO:0016814', 'GO:0019239']"
HP,HP:0002607,Bowel incontinence,0.013118004746960416,True,Involuntary fecal soiling in adults and children who have usually already been toilet trained.,51,77,7,5200,0.09090909090909091,0.13725490196078433,query_1,"['HP:0012700', 'HP:0031064']"
HP,HP:0025779,Disorder of thought content,0.01597247401427258,True,Thought content disorders are characterized by abnormal beliefs and convictions (that are to be assessed given the culture and personal background of the affected individual).,73,77,8,5200,0.1038961038961039,0.1095890410958904,query_1,['HP:0025792']
HP,HP:0031058,Impairment of activities of daily living,0.04036165062006346,True,"Difficulty in performing one or more activities normally performed every day, such as eating, bathing, dressing, grooming, work, homemaking, and leisure.",196,77,12,5200,0.15584415584415584,0.061224489795918366,query_1,['HP:0025142']
HP,HP:0031064,Impaired continence,0.019053603601633173,True,Partial or total incontinence of bowel or bladder.,182,77,12,5200,0.15584415584415584,0.06593406593406594,query_1,['HP:0031058']
HP,HP:0100851,Abnormal emotional state,0.006769586445143342,True,"A disturbance in the experience or expression of emotion, characterized by alterations in valence, intensity, frequency, or duration. It may also involve emotional responses that are mismatched, exaggerated, or incongruent relative to internal expectations or external contextual stimuli, such as experiencing negative affect in response to neutral or positive events.",658,77,25,5200,0.3246753246753247,0.037993920972644375,query_1,['HP:0025766']
HP,HP:0100753,Schizophrenia,0.003548548969652502,True,"A mental disorder characterized by a disintegration of thought processes and emotional responsiveness. It most commonly manifests as auditory hallucinations, paranoid or bizarre delusions, or disorganized speech and thinking. It is accompanied by significant social or occupational dysfunction. The onset of symptoms typically occurs in young adulthood, with a global lifetime prevalence of about 1%. This term is not a helpful parent term to describe abnormal experiences.",60,77,8,5200,0.1038961038961039,0.13333333333333333,query_1,['HP:0025783']
HP,HP:0001660,Truncus arteriosus,0.0032284953791309463,True,"A single arterial trunk arises from the cardiac mass. The pulmonary arteries, aorta and coronary arteries arise from this single trunk with no evidence of another outflow tract.",27,77,6,5200,0.07792207792207792,0.2222222222222222,query_1,['HP:0011603']
HP,HP:0006549,Unilateral primary pulmonary dysgenesis,0.04930504462363397,True,Unilateral primary pulmonary dysgenesis,5,77,3,5200,0.03896103896103896,0.6,query_1,['HP:4000059']
HP,HP:0012700,Abnormal large intestine physiology,0.027900889652841546,True,A functional anomaly of the large intestine.,57,77,7,5200,0.09090909090909091,0.12280701754385964,query_1,['HP:0025032']
HP,HP:0025766,Abnormal affect,0.028616769935966326,True,"An anomaly in intensity, frequency, or duration of the verbal or behavioral expression of emotions, feelings, or thoughts.",1394,77,38,5200,0.4935064935064935,0.027259684361549498,query_1,['HP:0011446']
HP,HP:0006510,Chronic pulmonary obstruction,0.022542691330603673,True,"An anomaly that is characterized progressive airflow obstruction that is only partly reversible, inflammation in the airways, and systemic effects or comorbities.",37,77,6,5200,0.07792207792207792,0.16216216216216217,query_1,['HP:0006536']
HPA,HPA:0160252,Endometrium 1; cells in endometrial stroma[≥Medium],0.0064338045009455025,True,Endometrium 1; cells in endometrial stroma[≥Medium],2236,153,53,11007,0.3464052287581699,0.02370304114490161,query_1,['HPA:0160251']
HPA,HPA:0030071,Appendix; lymphoid tissue[≥Low],0.0036401076474445854,True,Appendix; lymphoid tissue[≥Low],4732,153,92,11007,0.6013071895424836,0.01944209636517329,query_1,['HPA:0030000']
HPA,HPA:0030072,Appendix; lymphoid tissue[≥Medium],0.007817960916785069,True,Appendix; lymphoid tissue[≥Medium],2990,153,65,11007,0.42483660130718953,0.021739130434782608,query_1,['HPA:0030071']
HPA,HPA:0300000,Lung,0.00809963053467182,True,Lung,7360,153,125,11007,0.8169934640522876,0.016983695652173912,query_1,['HPA:0000000']
HPA,HPA:0380522,Placenta; trophoblastic cells[≥Medium],0.009130103579946428,True,Placenta; trophoblastic cells[≥Medium],5040,153,95,11007,0.6209150326797386,0.018849206349206348,query_1,['HPA:0380521']
HPA,HPA:0160251,Endometrium 1; cells in endometrial stroma[≥Low],0.04218302813575611,True,Endometrium 1; cells in endometrial stroma[≥Low],4079,153,79,11007,0.5163398692810458,0.019367492032360874,query_1,['HPA:0160000']
HPA,HPA:0380521,Placenta; trophoblastic cells[≥Low],0.04971700344557807,True,Placenta; trophoblastic cells[≥Low],6350,153,110,11007,0.7189542483660131,0.01732283464566929,query_1,['HPA:0380000']
HPA,HPA:0390000,Prostate,0.025422631743866414,True,Prostate,6665,153,115,11007,0.7516339869281046,0.0172543135783946,query_1,['HPA:0000000']
HPA,HPA:0390051,Prostate; glandular cells[≥Low],0.025422631743866414,True,Prostate; glandular cells[≥Low],6665,153,115,11007,0.7516339869281046,0.0172543135783946,query_1,['HPA:0390000']
HPA,HPA:0310431,Lymph node; germinal center cells[≥Low],0.03860569147479758,True,Lymph node; germinal center cells[≥Low],5052,153,93,11007,0.6078431372549019,0.01840855106888361,query_1,['HPA:0310000']
HPA,HPA:0050091,Breast; myoepithelial cells[≥Low],0.011275584158082294,True,Breast; myoepithelial cells[≥Low],5651,153,103,11007,0.673202614379085,0.018226862502211998,query_1,['HPA:0050000']
KEGG,KEGG:03250,Viral life cycle - HIV-1,0.027701772845677257,True,Viral life cycle - HIV-1,70,113,6,8716,0.05309734513274336,0.08571428571428572,query_1,['KEGG:00000']
KEGG,KEGG:05170,Human immunodeficiency virus 1 infection,0.008981576814135946,True,Human immunodeficiency virus 1 infection,212,113,11,8716,0.09734513274336283,0.05188679245283019,query_1,['KEGG:00000']
MIRNA,MIRNA:hsa-mir-3202,hsa-mir-3202,0.04136448975471595,True,hsa-mir-3202,1842,229,46,16638,0.20087336244541484,0.0249728555917481,query_1,['MIRNA:000000']
MIRNA,MIRNA:hsa-mir-608,hsa-mir-608,0.025134029595360076,True,hsa-mir-608,1587,229,42,16638,0.18340611353711792,0.026465028355387523,query_1,['MIRNA:000000']
MIRNA,MIRNA:hsa-mir-3173-5p,hsa-mir-3173-5p,0.036887910225207106,True,hsa-mir-3173-5p,988,229,30,16638,0.13100436681222707,0.030364372469635626,query_1,['MIRNA:000000']
MIRNA,MIRNA:hsa-mir-3918,hsa-mir-3918,0.005266590110617016,True,hsa-mir-3918,1232,229,37,16638,0.1615720524017467,0.030032467532467532,query_1,['MIRNA:000000']
MIRNA,MIRNA:hsa-mir-4651,hsa-mir-4651,0.023329289648049593,True,hsa-mir-4651,1582,229,42,16638,0.18340611353711792,0.02654867256637168,query_1,['MIRNA:000000']
MIRNA,MIRNA:hsa-mir-874,hsa-mir-874,0.021406840453560977,True,hsa-mir-874,816,229,27,16638,0.11790393013100436,0.03308823529411765,query_1,['MIRNA:000000']
MIRNA,MIRNA:hsa-mir-1913,hsa-mir-1913,0.02067546801817863,True,hsa-mir-1913,1362,229,38,16638,0.16593886462882096,0.027900146842878122,query_1,['MIRNA:000000']
MIRNA,MIRNA:hsa-mir-4650-5p,hsa-mir-4650-5p,0.04769841710606224,True,hsa-mir-4650-5p,1052,229,31,16638,0.13537117903930132,0.029467680608365018,query_1,['MIRNA:000000']
MIRNA,MIRNA:hsa-mir-4763-5p,hsa-mir-4763-5p,0.039233644808189,True,hsa-mir-4763-5p,942,229,29,16638,0.12663755458515283,0.03078556263269639,query_1,['MIRNA:000000']
MIRNA,MIRNA:hsa-mir-3177-3p,hsa-mir-3177-3p,0.04662784654152962,True,hsa-mir-3177-3p,217,229,12,16638,0.05240174672489083,0.055299539170506916,query_1,['MIRNA:000000']
MIRNA,MIRNA:hsa-mir-5088-5p,hsa-mir-5088-5p,0.041019412653951315,True,hsa-mir-5088-5p,47,229,6,16638,0.026200873362445413,0.1276595744680851,query_1,['MIRNA:000000']
MIRNA,MIRNA:hsa-mir-1909,hsa-mir-1909,0.006176801718731691,True,hsa-mir-1909,1550,229,43,16638,0.18777292576419213,0.027741935483870966,query_1,['MIRNA:000000']
MIRNA,MIRNA:hsa-mir-744,hsa-mir-744,0.012705039629402982,True,hsa-mir-744,366,229,17,16638,0.07423580786026202,0.04644808743169399,query_1,['MIRNA:000000']
MIRNA,MIRNA:hsa-mir-324-3p,hsa-mir-324-3p,0.0021468689224188584,True,hsa-mir-324-3p,1539,229,44,16638,0.19213973799126638,0.028589993502274202,query_1,['MIRNA:000000']
TF,TF:M06948_1,Factor: Sp2; motif: TGGGCGCGCCCA; match class: 1,9.623939503082525e-06,True,Factor: Sp2; motif: TGGGCGCGCCCA; match class: 1,6196,239,117,20093,0.4895397489539749,0.018883150419625565,query_1,['TF:M06948']
TF,TF:M09894,Factor: E2F-4; motif: SNGGGCGGGAANN,0.012006470853776693,True,Factor: E2F-4; motif: SNGGGCGGGAANN,16522,239,221,20093,0.9246861924686193,0.013376104587822298,query_1,['TF:M00000']
TF,TF:M04869_1,Factor: Egr-1; motif: GCGCATGCG; match class: 1,0.012146418947025402,True,Factor: Egr-1; motif: GCGCATGCG; match class: 1,10295,239,157,20093,0.6569037656903766,0.015250121418164158,query_1,['TF:M04869']
TF,TF:M12597_1,Factor: E2F1; motif: GSGCGGGAAN; match class: 1,0.012153216825592079,True,Factor: E2F1; motif: GSGCGGGAAN; match class: 1,9949,239,153,20093,0.6401673640167364,0.015378429992964116,query_1,['TF:M12597']
TF,TF:M09765,Factor: SP1; motif: NRGKGGGCGGGGCN,1.8314551529018878e-06,True,Factor: SP1; motif: NRGKGGGCGGGGCN,7592,239,137,20093,0.5732217573221757,0.018045310853530033,query_1,['TF:M00000']
TF,TF:M09895,Factor: E2F-6; motif: NGGGCGGGARRNN,0.012434939821830212,True,Factor: E2F-6; motif: NGGGCGGGARRNN,7865,239,128,20093,0.5355648535564853,0.01627463445645264,query_1,['TF:M00000']
TF,TF:M00646_1,Factor: LF-A1; motif: GGGSTCWR; match class: 1,0.012567173769957037,True,Factor: LF-A1; motif: GGGSTCWR; match class: 1,6440,239,110,20093,0.4602510460251046,0.017080745341614908,query_1,['TF:M00646']
TF,TF:M00915,Factor: AP-2; motif: SNNNCCNCAGGCN,1.5980710371161912e-06,True,Factor: AP-2; motif: SNNNCCNCAGGCN,9064,239,155,20093,0.6485355648535565,0.01710061782877317,query_1,['TF:M00000']
TF,TF:M10438,Factor: ZF5; motif: GGSGCGCGS,0.012750541758572183,True,Factor: ZF5; motif: GGSGCGCGS,16529,239,221,20093,0.9246861924686193,0.013370439833020751,query_1,['TF:M00000']
TF,TF:M07277,Factor: BTEB2; motif: RGGGNGKGGN,1.545722749721185e-06,True,Factor: BTEB2; motif: RGGGNGKGGN,8639,239,150,20093,0.6276150627615062,0.017363120731566154,query_1,['TF:M00000']
TF,TF:M04106_1,Factor: RUNX2; motif: NRACCGCAAACCGCAN; match class: 1,0.013318580797661756,True,Factor: RUNX2; motif: NRACCGCAAACCGCAN; match class: 1,8446,239,135,20093,0.5648535564853556,0.0159838977030547,query_1,['TF:M04106']
TF,TF:M00931,Factor: Sp1; motif: GGGGCGGGGC,1.523961181210621e-06,True,Factor: Sp1; motif: GGGGCGGGGC,10459,239,171,20093,0.7154811715481172,0.016349555406826657,query_1,['TF:M00000']
TF,TF:M11824,Factor: SF-1; motif: NNCAAGGNCRN,0.014253228563232906,True,Factor: SF-1; motif: NNCAAGGNCRN,1644,239,41,20093,0.17154811715481172,0.024939172749391728,query_1,['TF:M00000']
TF,TF:M01132,Factor: SF-1; motif: TGACCTTGN,0.014904126034180327,True,Factor: SF-1; motif: TGACCTTGN,1647,239,41,20093,0.17154811715481172,0.024893746205221615,query_1,['TF:M00000']
TF,TF:M00378_1,Factor: Pax-4; motif: NNNNNYCACCCB; match class: 1,0.015075456898813813,True,Factor: Pax-4; motif: NNNNNYCACCCB; match class: 1,15026,239,207,20093,0.8661087866108786,0.013776121389591375,query_1,['TF:M00378']
TF,TF:M08885,Factor: HAIRYLIKE; motif: NNNNCANGTG,0.015443396868942664,True,Factor: HAIRYLIKE; motif: NNNNCANGTG,6234,239,107,20093,0.4476987447698745,0.017163939685595122,query_1,['TF:M00000']
TF,TF:M03922,Factor: SP4; motif: NWRGCCACGCCCMCTYN,1.354537119688989e-06,True,Factor: SP4; motif: NWRGCCACGCCCMCTYN,6089,239,118,20093,0.49372384937238495,0.019379208408605682,query_1,['TF:M00000']
TF,TF:M13137,Factor: AP2BETA; motif: SCCYCAGGSNN,0.015821881142354284,True,Factor: AP2BETA; motif: SCCYCAGGSNN,10594,239,160,20093,0.6694560669456067,0.015102888427411743,query_1,['TF:M00000']
TF,TF:M12354_1,Factor: ZNF37A; motif: CCYYGGCTCCNTSCCMN; match class: 1,4.988755241513229e-07,True,Factor: ZNF37A; motif: CCYYGGCTCCNTSCCMN; match class: 1,5630,239,113,20093,0.47280334728033474,0.020071047957371226,query_1,['TF:M12354']
TF,TF:M10432_1,Factor: MAZ; motif: GGGMGGGGS; match class: 1,0.018954053515128775,True,Factor: MAZ; motif: GGGMGGGGS; match class: 1,4394,239,82,20093,0.34309623430962344,0.018661811561219845,query_1,['TF:M10432']
TF,TF:M09970,Factor: KLF3; motif: NNNNNNGGGCGGGGCNNGN,5.976880888885201e-07,True,Factor: KLF3; motif: NNNNNNGGGCGGGGCNNGN,7805,239,141,20093,0.5899581589958159,0.01806534272901986,query_1,['TF:M00000']
TF,TF:M01100_1,Factor: LRF; motif: GGGGKYNNB; match class: 1,0.018679790340335123,True,Factor: LRF; motif: GGGGKYNNB; match class: 1,2734,239,58,20093,0.24267782426778242,0.02121433796634967,query_1,['TF:M01100']
TF,TF:M10026_1,Factor: PATZ; motif: GGGGNGGGGGMKGGRRNGGNRN; match class: 1,0.018461962243586975,True,Factor: PATZ; motif: GGGGNGGGGGMKGGRRNGGNRN; match class: 1,4974,239,90,20093,0.37656903765690375,0.018094089264173704,query_1,['TF:M10026']
TF,TF:M01588_1,Factor: GKLF; motif: GCCMCRCCCNNN; match class: 1,8.632230528110895e-07,True,Factor: GKLF; motif: GCCMCRCCCNNN; match class: 1,3987,239,89,20093,0.3723849372384937,0.022322548281916228,query_1,['TF:M01588']
TF,TF:M04953_1,Factor: Sp1; motif: GGNDGGRGGCGGGG; match class: 1,0.011839583356276545,True,Factor: Sp1; motif: GGNDGGRGGCGGGG; match class: 1,4129,239,79,20093,0.3305439330543933,0.01913296197626544,query_1,['TF:M04953']
TF,TF:M11530,Factor: E2F-2; motif: NWTTTGGCGCCAWWNN,0.017465647690848175,True,Factor: E2F-2; motif: NWTTTGGCGCCAWWNN,14839,239,205,20093,0.8577405857740585,0.01381494709886111,query_1,['TF:M00000']
TF,TF:M10056,Factor: DRRS; motif: GNNGGGWGGG,0.016570692522920528,True,Factor: DRRS; motif: GNNGGGWGGG,4888,239,89,20093,0.3723849372384937,0.01820785597381342,query_1,['TF:M00000']
TF,TF:M13368,Factor: ZBTB24; motif: CCCAGGACCC,0.01639646942981549,True,Factor: ZBTB24; motif: CCCAGGACCC,5108,239,92,20093,0.38493723849372385,0.018010963194988253,query_1,['TF:M00000']
TF,TF:M00800_1,Factor: AP-2; motif: GSCCSCRGGCNRNRNN; match class: 1,0.016129167256763208,True,Factor: AP-2; motif: GSCCSCRGGCNRNRNN; match class: 1,4233,239,80,20093,0.33472803347280333,0.01889912591542641,query_1,['TF:M00800']
TF,TF:M09908,Factor: ERR1; motif: NYCAAGGTCANNNNN,0.016050820417151758,True,Factor: ERR1; motif: NYCAAGGTCANNNNN,1135,239,32,20093,0.13389121338912133,0.028193832599118944,query_1,['TF:M00000']
TF,TF:M09972,Factor: BTEB2; motif: WGGGTGKGGCNGGN,0.016022600584102074,True,Factor: BTEB2; motif: WGGGTGKGGCNGGN,9390,239,146,20093,0.6108786610878661,0.015548455804046858,query_1,['TF:M00000']
TF,TF:M09723_1,Factor: BTEB1; motif: GGGGGCGGGGCNGSGGGNGS; match class: 1,9.276687173807129e-07,True,Factor: BTEB1; motif: GGGGGCGGGGCNGSGGGNGS; match class: 1,6055,239,118,20093,0.49372384937238495,0.019488026424442608,query_1,['TF:M09723']
TF,TF:M09890,Factor: ctcf; motif: YGGCCACCAGRKGGCRSYN,0.01739628740712887,True,Factor: ctcf; motif: YGGCCACCAGRKGGCRSYN,8565,239,136,20093,0.5690376569037657,0.01587857559836544,query_1,['TF:M00000']
TF,TF:M11834,Factor: ERR1; motif: NTCAAGGTCAN,0.011634473944172462,True,Factor: ERR1; motif: NTCAAGGTCAN,1513,239,39,20093,0.16317991631799164,0.025776602775941838,query_1,['TF:M00000']
TF,TF:M00008,Factor: Sp1; motif: GGGGCGGGGT,1.9111641858081986e-06,True,Factor: Sp1; motif: GGGGCGGGGT,10214,239,168,20093,0.702928870292887,0.016448012531819073,query_1,['TF:M00000']
TF,TF:M00470_1,Factor: AP-2gamma; motif: GCCYNNGGS; match class: 1,0.01103032191680988,True,Factor: AP-2gamma; motif: GCCYNNGGS; match class: 1,5584,239,99,20093,0.41422594142259417,0.017729226361031518,query_1,['TF:M00470']
TF,TF:M09723,Factor: BTEB1; motif: GGGGGCGGGGCNGSGGGNGS,3.5303264219745156e-06,True,Factor: BTEB1; motif: GGGGGCGGGGCNGSGGGNGS,10190,239,167,20093,0.698744769874477,0.016388616290480863,query_1,['TF:M00000']
TF,TF:M12351_1,Factor: TIEG1; motif: NCCCNSNCCCCGCCCCC; match class: 1,4.081986222737464e-06,True,Factor: TIEG1; motif: NCCCNSNCCCCGCCCCC; match class: 1,8323,239,145,20093,0.606694560669456,0.017421602787456445,query_1,['TF:M12351']
TF,TF:M01857_1,Factor: AP-2alpha; motif: NGCCYSNNGSN; match class: 1,4.942242885951763e-06,True,Factor: AP-2alpha; motif: NGCCYSNNGSN; match class: 1,4535,239,95,20093,0.39748953974895396,0.020948180815876516,query_1,['TF:M01857']
TF,TF:M13127,Factor: HA95; motif: CCSNSSCCNSCNCCWSCCNS,5.037027678639573e-06,True,Factor: HA95; motif: CCSNSSCCNSCNCCWSCCNS,12464,239,191,20093,0.799163179916318,0.015324133504492939,query_1,['TF:M00000']
TF,TF:M07249,Factor: ctcf; motif: CCNCNAGRKGGCRSTN,0.007688683728392098,True,Factor: ctcf; motif: CCNCNAGRKGGCRSTN,6768,239,115,20093,0.4811715481171548,0.016991725768321513,query_1,['TF:M00000']
TF,TF:M10072,Factor: sp4; motif: NNGNARGRGGCGGRGCNNRR,5.248206942506307e-06,True,Factor: sp4; motif: NNGNARGRGGCGGRGCNNRR,10681,239,172,20093,0.7196652719665272,0.01610336110851044,query_1,['TF:M00000']
TF,TF:M00803,Factor: E2F; motif: GGCGSG,0.008367799225374133,True,Factor: E2F; motif: GGCGSG,13350,239,191,20093,0.799163179916318,0.014307116104868914,query_1,['TF:M00000']
TF,TF:M10017,Factor: LRH-1; motif: NNYCAAGGYCA,0.007476901889720731,True,Factor: LRH-1; motif: NNYCAAGGYCA,2786,239,60,20093,0.2510460251046025,0.021536252692031587,query_1,['TF:M00000']
TF,TF:M08207_1,Factor: E2F-3:TBR2; motif: ANGTGYKANGGCGCSTTNNCRNNT; match class: 1,0.006711533756196195,True,Factor: E2F-3:TBR2; motif: ANGTGYKANGGCGCSTTNNCRNNT; match class: 1,15778,239,215,20093,0.899581589958159,0.013626568639878312,query_1,['TF:M08207']
TF,TF:M09636,Factor: MAZ; motif: GGGMGGGGSSGGGGGGGGGGGG,0.006558901649314612,True,Factor: MAZ; motif: GGGMGGGGSSGGGGGGGGGGGG,16569,239,222,20093,0.9288702928870293,0.013398515299655984,query_1,['TF:M00000']
TF,TF:M12151,Factor: Sp1; motif: NWRGCCMCGCCCMCN,5.566506198056428e-06,True,Factor: Sp1; motif: NWRGCCMCGCCCMCN,6911,239,127,20093,0.5313807531380753,0.01837650122992331,query_1,['TF:M00000']
TF,TF:M13128_1,Factor: MED8; motif: CYYNSCYYCCTSCNCC; match class: 1,0.0063479769270735125,True,Factor: MED8; motif: CYYNSCYYCCTSCNCC; match class: 1,7939,239,130,20093,0.5439330543933054,0.016374858294495528,query_1,['TF:M13128']
TF,TF:M09862_1,Factor: ZNF614; motif: NCYCWGCCYYNNN; match class: 1,0.006208854299417713,True,Factor: ZNF614; motif: NCYCWGCCYYNNN; match class: 1,4204,239,81,20093,0.3389121338912134,0.019267364414843006,query_1,['TF:M09862']
TF,TF:M13124_1,Factor: ZNF670; motif: SNGGGCRGRG; match class: 1,5.805673493758997e-06,True,Factor: ZNF670; motif: SNGGGCRGRG; match class: 1,8277,239,144,20093,0.602510460251046,0.017397607828923523,query_1,['TF:M13124']
TF,TF:M00196,Factor: Sp1; motif: NGGGGGCGGGGYN,5.3006613990120425e-06,True,Factor: Sp1; motif: NGGGGGCGGGGYN,10412,239,169,20093,0.7071129707112971,0.016231271609681137,query_1,['TF:M00000']
TF,TF:M00143,Factor: Pax-5; motif: BCNNNRNGCANBGNTGNRTAGCSGCHNB,0.019762962001797266,True,Factor: Pax-5; motif: BCNNNRNGCANBGNTGNRTAGCSGCHNB,11514,239,170,20093,0.7112970711297071,0.014764634358172659,query_1,['TF:M00000']
TF,TF:M11477,Factor: AP-2beta; motif: NSCCYNRGGSN,0.008451162572642758,True,Factor: AP-2beta; motif: NSCCYNRGGSN,8385,239,135,20093,0.5648535564853556,0.016100178890876567,query_1,['TF:M00000']
TF,TF:M00322,Factor: c-Myc:Max; motif: GCCAYGYGSN,0.008963996769649868,True,Factor: c-Myc:Max; motif: GCCAYGYGSN,7984,239,130,20093,0.5439330543933054,0.01628256513026052,query_1,['TF:M00000']
TF,TF:M07289_1,Factor: GKLF; motif: NNNRGGNGNGGSN; match class: 1,0.010991836445285404,True,Factor: GKLF; motif: NNNRGGNGNGGSN; match class: 1,10807,239,163,20093,0.6820083682008368,0.015082816692884242,query_1,['TF:M07289']
TF,TF:M00716,Factor: ZF5; motif: GSGCGCGR,0.010732620156885059,True,Factor: ZF5; motif: GSGCGCGR,16394,239,220,20093,0.9205020920502092,0.013419543735512993,query_1,['TF:M00000']
TF,TF:M07039_1,Factor: ETF; motif: CCCCGCCCCYN; match class: 1,0.010661784649972283,True,Factor: ETF; motif: CCCCGCCCCYN; match class: 1,13870,239,196,20093,0.8200836820083682,0.014131218457101658,query_1,['TF:M07039']
TF,TF:M10530,Factor: sp4; motif: NNNGCYCCGCCCCCY,0.01028733313239773,True,Factor: sp4; motif: NNNGCYCCGCCCCCY,8329,239,134,20093,0.5606694560669456,0.016088365950294153,query_1,['TF:M00000']
TF,TF:M07397,Factor: ZBP89; motif: CCCCKCCCCCNN,0.010184805578677555,True,Factor: ZBP89; motif: CCCCKCCCCCNN,7277,239,121,20093,0.5062761506276151,0.01662773120791535,query_1,['TF:M00000']
TF,TF:M01303,Factor: SP1; motif: GGGGYGGGGNS,0.01016597625204972,True,Factor: SP1; motif: GGGGYGGGGNS,8082,239,131,20093,0.5481171548117155,0.016208859193268994,query_1,['TF:M00000']
TF,TF:M11478,Factor: AP-2beta; motif: NSCCNNNGGSN,0.008862700411947021,True,Factor: AP-2beta; motif: NSCCNNNGGSN,10078,239,155,20093,0.6485355648535565,0.015380035721373288,query_1,['TF:M00000']
TF,TF:M08878,Factor: EGR; motif: CGCCCCCGCNN,0.010126819638383461,True,Factor: EGR; motif: CGCCCCCGCNN,7596,239,125,20093,0.5230125523012552,0.016456029489204844,query_1,['TF:M00000']
TF,TF:M09737,Factor: ZNF644; motif: TCCWGCCTCTSN,0.009525167124527834,True,Factor: ZNF644; motif: TCCWGCCTCTSN,7348,239,122,20093,0.5104602510460251,0.016603157321720196,query_1,['TF:M00000']
TF,TF:M01240_1,Factor: BEN; motif: CAGCGRNV; match class: 1,0.009427061178537737,True,Factor: BEN; motif: CAGCGRNV; match class: 1,13366,239,191,20093,0.799163179916318,0.014289989525662128,query_1,['TF:M01240']
TF,TF:M12538,Factor: ESRRA; motif: NNTCAAGGTCANN,0.009311225596205251,True,Factor: ESRRA; motif: NNTCAAGGTCANN,1675,239,42,20093,0.17573221757322174,0.02507462686567164,query_1,['TF:M00000']
TF,TF:M09746,Factor: HNRPUL1; motif: NCNCAGN,0.009190108505806413,True,Factor: HNRPUL1; motif: NCNCAGN,13949,239,197,20093,0.8242677824267782,0.014122876191841709,query_1,['TF:M00000']
TF,TF:M12666,Factor: SP1; motif: GGCCCCGCCCCCN,2.704420953343166e-06,True,Factor: SP1; motif: GGCCCCGCCCCCN,8780,239,151,20093,0.6317991631799164,0.017198177676537585,query_1,['TF:M00000']
TF,TF:M10071_1,Factor: Sp1; motif: NGGGGGCGGGGCCNGGGGGGGG; match class: 1,3.2414917143931508e-06,True,Factor: Sp1; motif: NGGGGGCGGGGCCNGGGGGGGG; match class: 1,4640,239,97,20093,0.40585774058577406,0.020905172413793104,query_1,['TF:M10071']
TF,TF:M09765_1,Factor: SP1; motif: NRGKGGGCGGGGCN; match class: 1,2.3429976964080784e-06,True,Factor: SP1; motif: NRGKGGGCGGGGCN; match class: 1,3335,239,78,20093,0.3263598326359833,0.023388305847076463,query_1,['TF:M09765']
TF,TF:M04797,Factor: Egr-1; motif: CCGCCCMCG,0.006139081014334928,True,Factor: Egr-1; motif: CCGCCCMCG,5144,239,94,20093,0.39330543933054396,0.01827371695178849,query_1,['TF:M00000']
TF,TF:M13147,Factor: ZNF253; motif: SNGNSCGNGGNGCKGNN,0.01989113731087259,True,Factor: ZNF253; motif: SNGNSCGNGGNGCKGNN,10979,239,164,20093,0.6861924686192469,0.014937608161034703,query_1,['TF:M00000']
TF,TF:M07395_1,Factor: Sp1; motif: NGGGGCGGGGN; match class: 1,3.228756019782106e-07,True,Factor: Sp1; motif: NGGGGCGGGGN; match class: 1,6414,239,124,20093,0.5188284518828452,0.01933270969753664,query_1,['TF:M07395']
TF,TF:M09602,Factor: ctcf; motif: NNNCCASYAGRKGGCRSYNN,0.036469559106317204,True,Factor: ctcf; motif: NNNCCASYAGRKGGCRSYNN,7527,239,122,20093,0.5104602510460251,0.01620831672645144,query_1,['TF:M00000']
TF,TF:M00196_1,Factor: Sp1; motif: NGGGGGCGGGGYN; match class: 1,6.90420425529375e-08,True,Factor: Sp1; motif: NGGGGGCGGGGYN; match class: 1,5980,239,120,20093,0.502092050209205,0.020066889632107024,query_1,['TF:M00196']
TF,TF:M09762,Factor: NF1B; motif: CYTGGCNYNCWGCCAN,0.037913684358615696,True,Factor: NF1B; motif: CYTGGCNYNCWGCCAN,5735,239,99,20093,0.41422594142259417,0.017262423714036617,query_1,['TF:M00000']
TF,TF:M11826,Factor: LRH-1; motif: NTCAAGGTCRN,0.037956698362830575,True,Factor: LRH-1; motif: NTCAAGGTCRN,2339,239,51,20093,0.21338912133891214,0.021804189824711415,query_1,['TF:M00000']
TF,TF:M01652,Factor: p53; motif: RGRCWWGYCYNGRCWWGYYY,0.038061217212475115,True,Factor: p53; motif: RGRCWWGYCYNGRCWWGYYY,8181,239,130,20093,0.5439330543933054,0.015890477936682558,query_1,['TF:M00000']
TF,TF:M04148_1,Factor: TFAP2A; motif: NGCCCYNNGGGCN; match class: 1,5.5748298148403315e-08,True,Factor: TFAP2A; motif: NGCCCYNNGGGCN; match class: 1,9947,239,169,20093,0.7071129707112971,0.016990047250427263,query_1,['TF:M04148']
TF,TF:M13366,Factor: ZBED4; motif: CCCGCYCCGC,0.03922026886418735,True,Factor: ZBED4; motif: CCCGCYCCGC,7698,239,124,20093,0.5188284518828452,0.01610808002078462,query_1,['TF:M00000']
TF,TF:M07041,Factor: HDAC1; motif: KGCARGGTC,5.3390704819573055e-08,True,Factor: HDAC1; motif: KGCARGGTC,12699,239,198,20093,0.8284518828451883,0.01559177888022679,query_1,['TF:M00000']
TF,TF:M07129,Factor: Sp2; motif: GYCCCGCCYCYNNNN,0.039387448983776045,True,Factor: Sp2; motif: GYCCCGCCYCYNNNN,6354,239,107,20093,0.4476987447698745,0.016839785961598994,query_1,['TF:M00000']
TF,TF:M00982_1,Factor: KROX; motif: CCCGCCCCCRCCCC; match class: 1,0.04031836572089627,True,Factor: KROX; motif: CCCGCCCCCRCCCC; match class: 1,3554,239,69,20093,0.28870292887029286,0.019414743950478333,query_1,['TF:M00982']
TF,TF:M12722_1,Factor: ZXDL; motif: GSGSCNNGGGMRGCNCCGGGS; match class: 1,4.848014708968299e-08,True,Factor: ZXDL; motif: GSGSCNNGGGMRGCNCCGGGS; match class: 1,6630,239,129,20093,0.5397489539748954,0.019457013574660634,query_1,['TF:M12722']
TF,TF:M00033,Factor: p300; motif: NNNGGGAGTNNNNS,0.04084730261068142,True,Factor: p300; motif: NNNGGGAGTNNNNS,8685,239,136,20093,0.5690376569037657,0.01565918249856074,query_1,['TF:M00000']
TF,TF:M07597,Factor: Egr-1; motif: GCGTGGGCGT,0.04087716693142169,True,Factor: Egr-1; motif: GCGTGGGCGT,5897,239,101,20093,0.4225941422594142,0.01712735289130066,query_1,['TF:M00000']
TF,TF:M01588,Factor: GKLF; motif: GCCMCRCCCNNN,2.984474908477309e-08,True,Factor: GKLF; motif: GCCMCRCCCNNN,9101,239,160,20093,0.6694560669456067,0.017580485660916384,query_1,['TF:M00000']
TF,TF:M12160_1,Factor: KLF15; motif: RCCMCRCCCMCN; match class: 1,2.6015484732703094e-08,True,Factor: KLF15; motif: RCCMCRCCCMCN; match class: 1,8164,239,149,20093,0.6234309623430963,0.018250857422831945,query_1,['TF:M12160']
TF,TF:M13128,Factor: MED8; motif: CYYNSCYYCCTSCNCC,0.041505620134403017,True,Factor: MED8; motif: CYYNSCYYCCTSCNCC,13001,239,185,20093,0.7740585774058577,0.014229674640412276,query_1,['TF:M00000']
TF,TF:M13135_1,Factor: SP4; motif: GGCCCCGCCCCCN; match class: 1,2.3754970864848532e-08,True,Factor: SP4; motif: GGCCCCGCCCCCN; match class: 1,2210,239,64,20093,0.26778242677824265,0.02895927601809955,query_1,['TF:M13135']
TF,TF:M00932_1,Factor: Sp1; motif: NNGGGGCGGGGNN; match class: 1,6.7693848843017e-11,True,Factor: Sp1; motif: NNGGGGCGGGGNN; match class: 1,6107,239,129,20093,0.5397489539748954,0.02112330112985099,query_1,['TF:M00932']
TF,TF:M11478_1,Factor: AP-2beta; motif: NSCCNNNGGSN; match class: 1,0.048251359280124605,True,Factor: AP-2beta; motif: NSCCNNNGGSN; match class: 1,8133,239,129,20093,0.5397489539748954,0.015861305791220952,query_1,['TF:M11478']
TF,TF:M12173,Factor: GKLF; motif: NNCCMCRCCCN,8.482280623904112e-10,True,Factor: GKLF; motif: NNCCMCRCCCN,10188,239,176,20093,0.7364016736401674,0.017275225755791126,query_1,['TF:M00000']
TF,TF:M01783,Factor: SP2; motif: GGGCGGGAC,9.794942876412618e-09,True,Factor: SP2; motif: GGGCGGGAC,9256,239,163,20093,0.6820083682008368,0.01761019878997407,query_1,['TF:M00000']
TF,TF:M04148,Factor: TFAP2A; motif: NGCCCYNNGGGCN,1.0981979710344996e-08,True,Factor: TFAP2A; motif: NGCCCYNNGGGCN,10515,239,177,20093,0.7405857740585774,0.016833095577746076,query_1,['TF:M00000']
TF,TF:M13135,Factor: SP4; motif: GGCCCCGCCCCCN,1.3387538293879397e-08,True,Factor: SP4; motif: GGCCCCGCCCCCN,5626,239,117,20093,0.4895397489539749,0.020796302879488093,query_1,['TF:M00000']
TF,TF:M07354,Factor: Egr-1; motif: GCGGGGGCGG,0.03598742145743515,True,Factor: Egr-1; motif: GCGGGGGCGG,8010,239,128,20093,0.5355648535564853,0.015980024968789013,query_1,['TF:M00000']
TF,TF:M00931_1,Factor: Sp1; motif: GGGGCGGGGC; match class: 1,2.1473271082399458e-08,True,Factor: Sp1; motif: GGGGCGGGGC; match class: 1,5958,239,121,20093,0.5062761506276151,0.020308828465928165,query_1,['TF:M00931']
TF,TF:M05332_1,Factor: Sp2; motif: WGGGCGG; match class: 1,0.0447694393282207,True,Factor: Sp2; motif: WGGGCGG; match class: 1,3288,239,65,20093,0.2719665271966527,0.019768856447688565,query_1,['TF:M05332']
TF,TF:M05361_1,Factor: Sp6; motif: WGGGCGG; match class: 1,0.0447694393282207,True,Factor: Sp6; motif: WGGGCGG; match class: 1,3288,239,65,20093,0.2719665271966527,0.019768856447688565,query_1,['TF:M05361']
TF,TF:M05444_1,Factor: CPBP; motif: NGGGCGG; match class: 1,0.0447694393282207,True,Factor: CPBP; motif: NGGGCGG; match class: 1,3288,239,65,20093,0.2719665271966527,0.019768856447688565,query_1,['TF:M05444']
TF,TF:M00938,Factor: E2F-1; motif: TTGGCGCGRAANNGNM,0.04404197785354916,True,Factor: E2F-1; motif: TTGGCGCGRAANNGNM,7313,239,119,20093,0.497907949790795,0.016272391631341445,query_1,['TF:M00000']
TF,TF:M12659,Factor: RORA; motif: CCYTGNCCTN,0.04260935499961702,True,Factor: RORA; motif: CCYTGNCCTN,8197,239,130,20093,0.5439330543933054,0.015859460778333535,query_1,['TF:M00000']
TF,TF:M04787,Factor: RXR-alpha; motif: NSNRGCGCCCYCTGGYGGCN,0.04223528381248862,True,Factor: RXR-alpha; motif: NSNRGCGCCCYCTGGYGGCN,15684,239,212,20093,0.8870292887029289,0.013516959959194084,query_1,['TF:M00000']
TF,TF:M13142,Factor: ZBTB33; motif: GGYGCTG,0.04622740887102788,True,Factor: ZBTB33; motif: GGYGCTG,8620,239,135,20093,0.5648535564853556,0.015661252900232018,query_1,['TF:M00000']
TF,TF:M07277_1,Factor: BTEB2; motif: RGGGNGKGGN; match class: 1,7.292675390028614e-08,True,Factor: BTEB2; motif: RGGGNGKGGN; match class: 1,4210,239,95,20093,0.39748953974895396,0.022565320665083134,query_1,['TF:M07277']
TF,TF:M03876,Factor: Kaiso; motif: GCMGGGRGCRGS,0.03451354558242314,True,Factor: Kaiso; motif: GCMGGGRGCRGS,13835,239,194,20093,0.8117154811715481,0.014022406938923022,query_1,['TF:M00000']
TF,TF:M10002_1,Factor: NF-1C; motif: NYTGGCNNYNNGCCARN; match class: 1,0.03438164053943239,True,Factor: NF-1C; motif: NYTGGCNNYNNGCCARN; match class: 1,1705,239,41,20093,0.17154811715481172,0.02404692082111437,query_1,['TF:M10002']
TF,TF:M12354,Factor: ZNF37A; motif: CCYYGGCTCCNTSCCMN,1.803362380536833e-07,True,Factor: ZNF37A; motif: CCYYGGCTCCNTSCCMN,11065,239,180,20093,0.7531380753138075,0.016267510167193855,query_1,['TF:M00000']
TF,TF:M00986_1,Factor: Churchill; motif: CGGGNN; match class: 1,0.02529812171377974,True,Factor: Churchill; motif: CGGGNN; match class: 1,10486,239,158,20093,0.6610878661087866,0.015067709326721343,query_1,['TF:M00986']
TF,TF:M12666_1,Factor: SP1; motif: GGCCCCGCCCCCN; match class: 1,2.0999769634614648e-07,True,Factor: SP1; motif: GGCCCCGCCCCCN; match class: 1,4424,239,97,20093,0.40585774058577406,0.021925858951175405,query_1,['TF:M12666']
TF,TF:M00333_1,Factor: ZF5; motif: NRNGNGCGCGCWN; match class: 1,0.024821593742309373,True,Factor: ZF5; motif: NRNGNGCGCGCWN; match class: 1,12553,239,181,20093,0.7573221757322176,0.014418864016569744,query_1,['TF:M00333']
TF,TF:M09826_1,Factor: BTEB3; motif: CCNNSCCNSCCCCKCCCCC; match class: 1,2.1865020060220173e-07,True,Factor: BTEB3; motif: CCNNSCCNSCCCCKCCCCC; match class: 1,7629,239,140,20093,0.5857740585774058,0.018351028968410014,query_1,['TF:M09826']
TF,TF:M02089_1,Factor: E2F-3; motif: GGCGGGN; match class: 1,2.485660768751177e-07,True,Factor: E2F-3; motif: GGCGGGN; match class: 1,9478,239,162,20093,0.6778242677824268,0.01709221354716185,query_1,['TF:M02089']
TF,TF:M11882,Factor: pax-6; motif: NYACGCNYSANYGMNCN,1.5037815681056964e-07,True,Factor: pax-6; motif: NYACGCNYSANYGMNCN,15741,239,224,20093,0.9372384937238494,0.014230353852995363,query_1,['TF:M00000']
TF,TF:M11529,Factor: E2F-2; motif: GCGCGCGCNCS,0.02293560337998158,True,Factor: E2F-2; motif: GCGCGCGCNCS,16598,239,221,20093,0.9246861924686193,0.013314857211712255,query_1,['TF:M00000']
TF,TF:M03567_1,Factor: Sp2; motif: NYSGCCCCGCCCCCY; match class: 1,3.002073830508539e-07,True,Factor: Sp2; motif: NYSGCCCCGCCCCCY; match class: 1,3646,239,85,20093,0.35564853556485354,0.02331321996708722,query_1,['TF:M03567']
TF,TF:M01047,Factor: AP-2alphaA; motif: ANMGCCTNAGGCKNT,0.021454083217047122,True,Factor: AP-2alphaA; motif: ANMGCCTNAGGCKNT,8594,239,136,20093,0.5690376569037657,0.015824994181987434,query_1,['TF:M00000']
TF,TF:M01047_1,Factor: AP-2alphaA; motif: ANMGCCTNAGGCKNT; match class: 1,0.021454083217047122,True,Factor: AP-2alphaA; motif: ANMGCCTNAGGCKNT; match class: 1,8594,239,136,20093,0.5690376569037657,0.015824994181987434,query_1,['TF:M01047']
TF,TF:M13144_1,Factor: ZNF138; motif: GCAGCRSCNSGSNCMGSGCS; match class: 1,3.1517582062777865e-07,True,Factor: ZNF138; motif: GCAGCRSCNSGSNCMGSGCS; match class: 1,5518,239,112,20093,0.4686192468619247,0.02029720913374411,query_1,['TF:M13144']
TF,TF:M01253,Factor: CNOT3; motif: GGCCGCGSSS,0.020972438428487457,True,Factor: CNOT3; motif: GGCCGCGSSS,3626,239,71,20093,0.29707112970711297,0.01958080529509101,query_1,['TF:M00000']
TF,TF:M10115,Factor: LRF; motif: NRGGGKCKY,0.020712736635114543,True,Factor: LRF; motif: NRGGGKCKY,7691,239,125,20093,0.5230125523012552,0.016252762969704848,query_1,['TF:M00000']
TF,TF:M04456,Factor: ESRRA; motif: NTCAAGGTCAN,0.022783119159460068,True,Factor: ESRRA; motif: NTCAAGGTCAN,1676,239,41,20093,0.17154811715481172,0.024463007159904536,query_1,['TF:M00000']
TF,TF:M01100,Factor: LRF; motif: GGGGKYNNB,3.417627042960972e-07,True,Factor: LRF; motif: GGGGKYNNB,7671,239,140,20093,0.5857740585774058,0.018250554034676052,query_1,['TF:M00000']
TF,TF:M11833,Factor: ERR1; motif: NNCAAGGTCAN,0.02567610461973551,True,Factor: ERR1; motif: NNCAAGGTCAN,1447,239,37,20093,0.15481171548117154,0.025570145127850726,query_1,['TF:M00000']
TF,TF:M00665,Factor: Sp3; motif: ASMCTTGGGSRGGG,0.027026016052154694,True,Factor: Sp3; motif: ASMCTTGGGSRGGG,7808,239,126,20093,0.5271966527196653,0.016137295081967214,query_1,['TF:M00000']
TF,TF:M13127_1,Factor: HA95; motif: CCSNSSCCNSCNCCWSCCNS; match class: 1,8.948445024670379e-08,True,Factor: HA95; motif: CCSNSSCCNSCNCCWSCCNS; match class: 1,8444,239,151,20093,0.6317991631799164,0.01788252013263856,query_1,['TF:M13127']
TF,TF:M08487_1,Factor: GCMa:Erg; motif: ATGCGGGCGGAARKG; match class: 1,0.03325878576411727,True,Factor: GCMa:Erg; motif: ATGCGGGCGGAARKG; match class: 1,8905,239,139,20093,0.5815899581589958,0.015609208309938238,query_1,['TF:M08487']
TF,TF:M03807,Factor: SP2; motif: GNNGGGGGCGGGGSN,1.1124241622038806e-07,True,Factor: SP2; motif: GNNGGGGGCGGGGSN,8548,239,152,20093,0.6359832635983264,0.017781937295273748,query_1,['TF:M00000']
TF,TF:M11832,Factor: ERR1; motif: NNSAAGGTCRN,0.031033032504484602,True,Factor: ERR1; motif: NNSAAGGTCRN,1881,239,44,20093,0.18410041841004185,0.023391812865497075,query_1,['TF:M00000']
TF,TF:M10002,Factor: NF-1C; motif: NYTGGCNNYNNGCCARN,0.030202345906321464,True,Factor: NF-1C; motif: NYTGGCNNYNNGCCARN,6787,239,113,20093,0.47280334728033474,0.01664947694121114,query_1,['TF:M00000']
TF,TF:M11825,Factor: SF-1; motif: NNCAAGGTCAN,0.029417126479595056,True,Factor: SF-1; motif: NNCAAGGTCAN,1877,239,44,20093,0.18410041841004185,0.023441662226957913,query_1,['TF:M00000']
TF,TF:M08208,Factor: E2F-3:FOXI1; motif: NGACACCGCGCCCAC,0.025962254807457927,True,Factor: E2F-3:FOXI1; motif: NGACACCGCGCCCAC,12746,239,183,20093,0.7656903765690377,0.014357445473089597,query_1,['TF:M00000']
TF,TF:M07402,Factor: ESRRA; motif: YCAAGGTCACN,0.029193391427981503,True,Factor: ESRRA; motif: YCAAGGTCACN,1815,239,43,20093,0.1799163179916318,0.023691460055096418,query_1,['TF:M00000']
TF,TF:M03567,Factor: Sp2; motif: NYSGCCCCGCCCCCY,1.1627943196587079e-07,True,Factor: Sp2; motif: NYSGCCCCGCCCCCY,7812,239,143,20093,0.5983263598326359,0.018305171530977982,query_1,['TF:M00000']
TF,TF:M00470,Factor: AP-2gamma; motif: GCCYNNGGS,1.297233187063516e-07,True,Factor: AP-2gamma; motif: GCCYNNGGS,9501,239,163,20093,0.6820083682008368,0.01715608883275445,query_1,['TF:M00000']
TF,TF:M09970_1,Factor: KLF3; motif: NNNNNNGGGCGGGGCNNGN; match class: 1,1.489652973315452e-07,True,Factor: KLF3; motif: NNNNNNGGGCGGGGCNNGN; match class: 1,3794,239,88,20093,0.3682008368200837,0.02319451765946231,query_1,['TF:M09970']
TF,TF:M05327,Factor: WT1; motif: NGCGGGGGGGTSMMCYN,0.027273379520511485,True,Factor: WT1; motif: NGCGGGGGGGTSMMCYN,5618,239,98,20093,0.4100418410041841,0.017443930224279102,query_1,['TF:M00000']
TF,TF:M12153_1,Factor: Sp3; motif: NGCCACGCCCMCN; match class: 1,0.02723545885777378,True,Factor: Sp3; motif: NGCCACGCCCMCN; match class: 1,1933,239,45,20093,0.18828451882845187,0.023279875840662184,query_1,['TF:M12153']
TF,TF:M01858,Factor: AP-2beta; motif: GCNNNGGSCNGVGGGN,0.02723401263752911,True,Factor: AP-2beta; motif: GCNNNGGSCNGVGGGN,7487,239,122,20093,0.5104602510460251,0.016294911179377588,query_1,['TF:M00000']
TF,TF:M01721,Factor: PUR1; motif: GGGNCAGNN,0.02909247693199646,True,Factor: PUR1; motif: GGGNCAGNN,9221,239,143,20093,0.5983263598326359,0.015508079384014748,query_1,['TF:M00000']
TF,TF:M12152,Factor: Sp1; motif: NWRGCCACGCCCMCN,9.295978286590708e-06,True,Factor: Sp1; motif: NWRGCCACGCCCMCN,7435,239,133,20093,0.5564853556485355,0.01788836583725622,query_1,['TF:M00000']
TF,TF:M02281,Factor: SP1; motif: CCCCKCCCCC,0.00612611359479981,True,Factor: SP1; motif: CCCCKCCCCC,6584,239,113,20093,0.47280334728033474,0.017162818955042528,query_1,['TF:M00000']
TF,TF:M12156,Factor: Sp2; motif: NTAAGYCCCGCCCMCTN,0.005597081606152222,True,Factor: Sp2; motif: NTAAGYCCCGCCCMCTN,4407,239,84,20093,0.3514644351464435,0.01906058543226685,query_1,['TF:M00000']
TF,TF:M08208_1,Factor: E2F-3:FOXI1; motif: NGACACCGCGCCCAC; match class: 1,0.00013001709783338323,True,Factor: E2F-3:FOXI1; motif: NGACACCGCGCCCAC; match class: 1,7158,239,126,20093,0.5271966527196653,0.01760268231349539,query_1,['TF:M08208']
TF,TF:M12158_1,Factor: KLF15; motif: NCCMCGCCCMCN; match class: 1,0.00014187431025171647,True,Factor: KLF15; motif: NCCMCGCCCMCN; match class: 1,6085,239,112,20093,0.4686192468619247,0.018405916187345932,query_1,['TF:M12158']
TF,TF:M13146_1,Factor: ZNF232; motif: NCAGCASCNNGGNCAGCGCC; match class: 1,0.00015083503434983172,True,Factor: ZNF232; motif: NCAGCASCNNGGNCAGCGCC; match class: 1,2122,239,54,20093,0.22594142259414227,0.02544769085768143,query_1,['TF:M13146']
TF,TF:M13146,Factor: ZNF232; motif: NCAGCASCNNGGNCAGCGCC,0.00015928373165646347,True,Factor: ZNF232; motif: NCAGCASCNNGGNCAGCGCC,6249,239,114,20093,0.4769874476987448,0.018242918867018725,query_1,['TF:M00000']
TF,TF:M07409_1,Factor: BTEB2; motif: GCCCCRCCCH; match class: 1,0.0001610952095318025,True,Factor: BTEB2; motif: GCCCCRCCCH; match class: 1,1832,239,49,20093,0.20502092050209206,0.026746724890829694,query_1,['TF:M07409']
TF,TF:M12508,Factor: EGR1; motif: NNMCGCCCACGCNN,0.00018735421714675837,True,Factor: EGR1; motif: NNMCGCCCACGCNN,6496,239,117,20093,0.4895397489539749,0.018011083743842363,query_1,['TF:M00000']
TF,TF:M09969_1,Factor: EKLF; motif: NGGGYGKGGCNNGG; match class: 1,0.00018739188552578234,True,Factor: EKLF; motif: NGGGYGKGGCNNGG; match class: 1,1501,239,43,20093,0.1799163179916318,0.028647568287808126,query_1,['TF:M09969']
TF,TF:M12152_1,Factor: Sp1; motif: NWRGCCACGCCCMCN; match class: 1,0.0001901560907491702,True,Factor: Sp1; motif: NWRGCCACGCCCMCN; match class: 1,2882,239,66,20093,0.27615062761506276,0.022900763358778626,query_1,['TF:M12152']
TF,TF:M08526_1,Factor: E2F-3:HES-7; motif: NNNSGCGCSNNNNNCRCGYGNN; match class: 1,0.00021582524821891168,True,Factor: E2F-3:HES-7; motif: NNNSGCGCSNNNNNCRCGYGNN; match class: 1,15272,239,214,20093,0.895397489539749,0.014012572027239392,query_1,['TF:M08526']
TF,TF:M12599_1,Factor: E2F4; motif: YCCCGCCNCNNSSNNSNN; match class: 1,0.00023654292516693664,True,Factor: E2F4; motif: YCCCGCCNCNNSSNNSNN; match class: 1,15969,239,220,20093,0.9205020920502092,0.013776692341411484,query_1,['TF:M12599']
TF,TF:M12153,Factor: Sp3; motif: NGCCACGCCCMCN,0.00024165164615284714,True,Factor: Sp3; motif: NGCCACGCCCMCN,6293,239,114,20093,0.4769874476987448,0.018115366279993644,query_1,['TF:M00000']
TF,TF:M11529_1,Factor: E2F-2; motif: GCGCGCGCNCS; match class: 1,0.0002570618778736299,True,Factor: E2F-2; motif: GCGCGCGCNCS; match class: 1,14745,239,209,20093,0.8744769874476988,0.014174296371651407,query_1,['TF:M11529']
TF,TF:M09972_1,Factor: BTEB2; motif: WGGGTGKGGCNGGN; match class: 1,0.0002586769660706774,True,Factor: BTEB2; motif: WGGGTGKGGCNGGN; match class: 1,3972,239,82,20093,0.34309623430962344,0.020644511581067473,query_1,['TF:M09972']
TF,TF:M13149_1,Factor: ZNF219; motif: SNNCAGCACCNNGGNCAGCGSC; match class: 1,0.00026134163358008906,True,Factor: ZNF219; motif: SNNCAGCACCNNGGNCAGCGSC; match class: 1,6609,239,118,20093,0.49372384937238495,0.01785444091390528,query_1,['TF:M13149']
TF,TF:M11795_1,Factor: NR1B1; motif: NRGGTCANNRGGTCAN; match class: 1,0.00027143806067530515,True,Factor: NR1B1; motif: NRGGTCANNRGGTCAN; match class: 1,1690,239,46,20093,0.19246861924686193,0.027218934911242602,query_1,['TF:M11795']
TF,TF:M03807_1,Factor: SP2; motif: GNNGGGGGCGGGGSN; match class: 1,9.248542830930881e-06,True,Factor: SP2; motif: GNNGGGGGCGGGGSN; match class: 1,4240,239,90,20093,0.37656903765690375,0.02122641509433962,query_1,['TF:M03807']
TF,TF:M12726_1,Factor: PURBETA; motif: NCWGRGGCTGGGG; match class: 1,0.0002998779258111188,True,Factor: PURBETA; motif: NCWGRGGCTGGGG; match class: 1,2473,239,59,20093,0.24686192468619247,0.023857662757784066,query_1,['TF:M12726']
TF,TF:M09817_1,Factor: PAX5; motif: RNGCGTGACCNN; match class: 1,0.0005097755278844392,True,Factor: PAX5; motif: RNGCGTGACCNN; match class: 1,6297,239,113,20093,0.47280334728033474,0.017945053199936476,query_1,['TF:M09817']
TF,TF:M07206,Factor: E2F-1; motif: NGGGCGGGARV,0.00048206819469812995,True,Factor: E2F-1; motif: NGGGCGGGARV,14817,239,209,20093,0.8744769874476988,0.014105419450631032,query_1,['TF:M00000']
TF,TF:M07041_1,Factor: HDAC1; motif: KGCARGGTC; match class: 1,0.00046247097729328377,True,Factor: HDAC1; motif: KGCARGGTC; match class: 1,6363,239,114,20093,0.4769874476987448,0.017916077322017915,query_1,['TF:M07041']
TF,TF:M07615,Factor: Sp3; motif: GGGGCGGGGSNN,0.0004443636522052497,True,Factor: Sp3; motif: GGGGCGGGGSNN,6901,239,121,20093,0.5062761506276151,0.017533690769453703,query_1,['TF:M00000']
TF,TF:M09734,Factor: ZNF692; motif: SYNGGSCCCASCCNC,0.00041788153402232305,True,Factor: ZNF692; motif: SYNGGSCCCASCCNC,11921,239,180,20093,0.7531380753138075,0.015099404412381511,query_1,['TF:M00000']
TF,TF:M10438_1,Factor: ZF5; motif: GGSGCGCGS; match class: 1,0.0004065868276915467,True,Factor: ZF5; motif: GGSGCGCGS; match class: 1,15122,239,212,20093,0.8870292887029289,0.014019309615130274,query_1,['TF:M10438']
TF,TF:M09636_1,Factor: MAZ; motif: GGGMGGGGSSGGGGGGGGGGGG; match class: 1,0.00012942177444503523,True,Factor: MAZ; motif: GGGMGGGGSSGGGGGGGGGGGG; match class: 1,14348,239,206,20093,0.8619246861924686,0.014357401728463897,query_1,['TF:M09636']
TF,TF:M08911_1,Factor: CTCF; motif: NCCRSTAGGGGGCGC; match class: 1,0.00040085414542551155,True,Factor: CTCF; motif: NCCRSTAGGGGGCGC; match class: 1,3942,239,81,20093,0.3389121338912134,0.02054794520547945,query_1,['TF:M08911']
TF,TF:M08867_1,Factor: AP2; motif: GCCYGSGGSN; match class: 1,0.00036843446679363684,True,Factor: AP2; motif: GCCYGSGGSN; match class: 1,5141,239,98,20093,0.4100418410041841,0.01906243921416067,query_1,['TF:M08867']
TF,TF:M07615_1,Factor: Sp3; motif: GGGGCGGGGSNN; match class: 1,0.0003483179987769354,True,Factor: Sp3; motif: GGGGCGGGGSNN; match class: 1,2928,239,66,20093,0.27615062761506276,0.022540983606557378,query_1,['TF:M07615']
TF,TF:M04869,Factor: Egr-1; motif: GCGCATGCG,0.0003453006135439529,True,Factor: Egr-1; motif: GCGCATGCG,11344,239,174,20093,0.7280334728033473,0.015338504936530325,query_1,['TF:M00000']
TF,TF:M12597,Factor: E2F1; motif: GSGCGGGAAN,0.00033860124893869036,True,Factor: E2F1; motif: GSGCGGGAAN,14249,239,204,20093,0.8535564853556485,0.014316794160993754,query_1,['TF:M00000']
TF,TF:M03811_1,Factor: AP-2gamma; motif: GCCYNCRGSN; match class: 1,0.000331259344960972,True,Factor: AP-2gamma; motif: GCCYNCRGSN; match class: 1,3788,239,79,20093,0.3305439330543933,0.02085533262935586,query_1,['TF:M03811']
TF,TF:M07409,Factor: BTEB2; motif: GCCCCRCCCH,0.0003097245374497143,True,Factor: BTEB2; motif: GCCCCRCCCH,5270,239,100,20093,0.41841004184100417,0.018975332068311195,query_1,['TF:M00000']
TF,TF:M08523_1,Factor: E2F-1:TBR2; motif: NGGTGNNANGGCGCNNTNNCRNNN; match class: 1,0.00037596622756758824,True,Factor: E2F-1:TBR2; motif: NGGTGNNANGGCGCNNTNNCRNNN; match class: 1,7435,239,128,20093,0.5355648535564853,0.017215870880968393,query_1,['TF:M08523']
TF,TF:M08525,Factor: E2F-1:HES-7; motif: GGCRCGTGSYNNWNGGCGCSM,0.0005578610835809602,True,Factor: E2F-1:HES-7; motif: GGCRCGTGSYNNWNGGCGCSM,17455,239,231,20093,0.9665271966527197,0.01323403036379261,query_1,['TF:M00000']
TF,TF:M13129_1,Factor: RERE; motif: CNGCNSCNNGSRCRGSGSS; match class: 1,8.649938095164958e-05,True,Factor: RERE; motif: CNGCNSCNNGSRCRGSGSS; match class: 1,5959,239,111,20093,0.46443514644351463,0.018627286457459306,query_1,['TF:M13129']
TF,TF:M09862,Factor: ZNF614; motif: NCYCWGCCYYNNN,8.175694197237674e-05,True,Factor: ZNF614; motif: NCYCWGCCYYNNN,9491,239,155,20093,0.6485355648535565,0.016331261194816142,query_1,['TF:M00000']
TF,TF:M03922_1,Factor: SP4; motif: NWRGCCACGCCCMCTYN; match class: 1,1.1765137081677933e-05,True,Factor: SP4; motif: NWRGCCACGCCCMCTYN; match class: 1,2144,239,57,20093,0.2384937238493724,0.02658582089552239,query_1,['TF:M03922']
TF,TF:M12351,Factor: TIEG1; motif: NCCCNSNCCCCGCCCCC,1.282807586980955e-05,True,Factor: TIEG1; motif: NCCCNSNCCCCGCCCCC,12566,239,191,20093,0.799163179916318,0.015199745344580615,query_1,['TF:M00000']
TF,TF:M10072_1,Factor: sp4; motif: NNGNARGRGGCGGRGCNNRR; match class: 1,1.3011999763590052e-05,True,Factor: sp4; motif: NNGNARGRGGCGGRGCNNRR; match class: 1,6301,239,118,20093,0.49372384937238495,0.018727186160926838,query_1,['TF:M10072']
TF,TF:M13124,Factor: ZNF670; motif: SNGGGCRGRG,1.3731845714540756e-05,True,Factor: ZNF670; motif: SNGGGCRGRG,12969,239,195,20093,0.8158995815899581,0.015035854730511219,query_1,['TF:M00000']
TF,TF:M11882_1,Factor: pax-6; motif: NYACGCNYSANYGMNCN; match class: 1,1.5407949602492058e-05,True,Factor: pax-6; motif: NYACGCNYSANYGMNCN; match class: 1,11535,239,180,20093,0.7531380753138075,0.015604681404421327,query_1,['TF:M11882']
TF,TF:M13129,Factor: RERE; motif: CNGCNSCNNGSRCRGSGSS,1.635989347908207e-05,True,Factor: RERE; motif: CNGCNSCNNGSRCRGSGSS,10357,239,167,20093,0.698744769874477,0.016124360336004635,query_1,['TF:M00000']
TF,TF:M00933_1,Factor: Sp1; motif: CCCCGCCCCN; match class: 1,1.9661038256513802e-05,True,Factor: Sp1; motif: CCCCGCCCCN; match class: 1,5225,239,103,20093,0.4309623430962343,0.01971291866028708,query_1,['TF:M00933']
TF,TF:M12173_1,Factor: GKLF; motif: NNCCMCRCCCN; match class: 1,2.1409103579559254e-05,True,Factor: GKLF; motif: NNCCMCRCCCN; match class: 1,5016,239,100,20093,0.41841004184100417,0.019936204146730464,query_1,['TF:M12173']
TF,TF:M00933,Factor: Sp1; motif: CCCCGCCCCN,2.3567470249867146e-05,True,Factor: Sp1; motif: CCCCGCCCCN,9869,239,161,20093,0.6736401673640168,0.016313709595703718,query_1,['TF:M00000']
TF,TF:M12722,Factor: ZXDL; motif: GSGSCNNGGGMRGCNCCGGGS,2.413345781940878e-05,True,Factor: ZXDL; motif: GSGSCNNGGGMRGCNCCGGGS,10669,239,170,20093,0.7112970711297071,0.01593401443434249,query_1,['TF:M00000']
TF,TF:M10071,Factor: Sp1; motif: NGGGGGCGGGGCCNGGGGGGGG,2.7722621309567335e-05,True,Factor: Sp1; motif: NGGGGGCGGGGCCNGGGGGGGG,8609,239,146,20093,0.6108786610878661,0.0169589963991172,query_1,['TF:M00000']
TF,TF:M09973,Factor: CPBP; motif: GNNRGGGHGGGGNNGGGRN,2.9700810629878154e-05,True,Factor: CPBP; motif: GNNRGGGHGGGGNNGGGRN,11055,239,174,20093,0.7280334728033473,0.015739484396200813,query_1,['TF:M00000']
TF,TF:M09826,Factor: BTEB3; motif: CCNNSCCNSCCCCKCCCCC,3.374928775341804e-05,True,Factor: BTEB3; motif: CCNNSCCNSCCCCKCCCCC,11717,239,181,20093,0.7573221757322176,0.015447640180933687,query_1,['TF:M00000']
TF,TF:M07395,Factor: Sp1; motif: NGGGGCGGGGN,3.912230591694091e-05,True,Factor: Sp1; motif: NGGGGCGGGGN,10814,239,171,20093,0.7154811715481172,0.015812835213611983,query_1,['TF:M00000']
TF,TF:M00333,Factor: ZF5; motif: NRNGNGCGCGCWN,3.950082555472859e-05,True,Factor: ZF5; motif: NRNGNGCGCGCWN,15315,239,216,20093,0.9037656903765691,0.014103819784524976,query_1,['TF:M00000']
TF,TF:M11482_1,Factor: AP-2gamma; motif: NSCCYNNRGSN; match class: 1,3.965977942497277e-05,True,Factor: AP-2gamma; motif: NSCCYNNRGSN; match class: 1,2040,239,54,20093,0.22594142259414227,0.026470588235294117,query_1,['TF:M11482']
TF,TF:M01857,Factor: AP-2alpha; motif: NGCCYSNNGSN,4.188441197295131e-05,True,Factor: AP-2alpha; motif: NGCCYSNNGSN,9244,239,153,20093,0.6401673640167364,0.01655127650367806,query_1,['TF:M00000']
TF,TF:M07063_1,Factor: Sp1; motif: GGGGCGGGGC; match class: 1,7.934093885042792e-05,True,Factor: Sp1; motif: GGGGCGGGGC; match class: 1,2567,239,62,20093,0.2594142259414226,0.02415270744059213,query_1,['TF:M07063']
TF,TF:M09817,Factor: PAX5; motif: RNGCGTGACCNN,7.288039789452568e-05,True,Factor: PAX5; motif: RNGCGTGACCNN,12762,239,191,20093,0.799163179916318,0.01496630622159536,query_1,['TF:M00000']
TF,TF:M00803_1,Factor: E2F; motif: GGCGSG; match class: 1,7.239922475137087e-05,True,Factor: E2F; motif: GGCGSG; match class: 1,10260,239,164,20093,0.6861924686192469,0.015984405458089667,query_1,['TF:M00803']
TF,TF:M09894_1,Factor: E2F-4; motif: SNGGGCGGGAANN; match class: 1,6.363597581359644e-05,True,Factor: E2F-4; motif: SNGGGCGGGAANN; match class: 1,14163,239,205,20093,0.8577405857740585,0.014474334533644002,query_1,['TF:M09894']
TF,TF:M13366_1,Factor: ZBED4; motif: CCCGCYCCGC; match class: 1,6.345435491049622e-05,True,Factor: ZBED4; motif: CCCGCYCCGC; match class: 1,3784,239,81,20093,0.3389121338912134,0.021405919661733615,query_1,['TF:M13366']
TF,TF:M12186,Factor: BTEB4; motif: NCCACGCCCM,5.915678056219717e-05,True,Factor: BTEB4; motif: NCCACGCCCM,9283,239,153,20093,0.6401673640167364,0.016481740816546374,query_1,['TF:M00000']
TF,TF:M12151_1,Factor: Sp1; motif: NWRGCCMCGCCCMCN; match class: 1,8.288754813272372e-05,True,Factor: Sp1; motif: NWRGCCMCGCCCMCN; match class: 1,2570,239,62,20093,0.2594142259414226,0.024124513618677044,query_1,['TF:M12151']
TF,TF:M03920_1,Factor: SP1; motif: RCCMCRCCCMC; match class: 1,5.833925601274458e-05,True,Factor: SP1; motif: RCCMCRCCCMC; match class: 1,3051,239,70,20093,0.2928870292887029,0.022943297279580464,query_1,['TF:M03920']
TF,TF:M11482,Factor: AP-2gamma; motif: NSCCYNNRGSN,5.532143864355e-05,True,Factor: AP-2gamma; motif: NSCCYNNRGSN,6754,239,122,20093,0.5104602510460251,0.0180633698549008,query_1,['TF:M00000']
TF,TF:M03876_1,Factor: Kaiso; motif: GCMGGGRGCRGS; match class: 1,4.5382892975943535e-05,True,Factor: Kaiso; motif: GCMGGGRGCRGS; match class: 1,9168,239,152,20093,0.6359832635983264,0.016579406631762654,query_1,['TF:M03876']
TF,TF:M13147_1,Factor: ZNF253; motif: SNGNSCGNGGNGCKGNN; match class: 1,4.507400732815802e-05,True,Factor: ZNF253; motif: SNGNSCGNGGNGCKGNN; match class: 1,6348,239,117,20093,0.4895397489539749,0.018431001890359167,query_1,['TF:M13147']
TF,TF:M08525_1,Factor: E2F-1:HES-7; motif: GGCRCGTGSYNNWNGGCGCSM; match class: 1,4.38545392071428e-05,True,Factor: E2F-1:HES-7; motif: GGCRCGTGSYNNWNGGCGCSM; match class: 1,15557,239,218,20093,0.9121338912133892,0.014012984508581346,query_1,['TF:M08525']
TF,TF:M01973,Factor: PLAG1; motif: CCCCCKWNNNGGSCCC,4.342222303655271e-05,True,Factor: PLAG1; motif: CCCCCKWNNNGGSCCC,6192,239,115,20093,0.4811715481171548,0.01857235142118863,query_1,['TF:M00000']
TF,TF:M07063,Factor: Sp1; motif: GGGGCGGGGC,4.332525176572799e-05,True,Factor: Sp1; motif: GGGGCGGGGC,6344,239,117,20093,0.4895397489539749,0.018442622950819672,query_1,['TF:M00000']
TF,TF:M09658,Factor: Sp2; motif: GGSNNGGGGGCGGGGCCNGNGS,5.7378910768055203e-05,True,Factor: Sp2; motif: GGSNNGGGGGCGGGGCCNGNGS,5325,239,103,20093,0.4309623430962343,0.019342723004694834,query_1,['TF:M00000']
TF,TF:M08957,Factor: NURR1:RXR-ALPHA; motif: NRGGTCRTTGACCYN,0.005852875126201596,True,Factor: NURR1:RXR-ALPHA; motif: NRGGTCRTTGACCYN,11345,239,170,20093,0.7112970711297071,0.01498457470251212,query_1,['TF:M00000']
TF,TF:M06948,Factor: Sp2; motif: TGGGCGCGCCCA,0.0005658407504066971,True,Factor: Sp2; motif: TGGGCGCGCCCA,8956,239,146,20093,0.6108786610878661,0.016301920500223315,query_1,['TF:M00000']
TF,TF:M10432,Factor: MAZ; motif: GGGMGGGGS,0.0005803276501848756,True,Factor: MAZ; motif: GGGMGGGGS,9467,239,152,20093,0.6359832635983264,0.01605577268406042,query_1,['TF:M00000']
TF,TF:M10014,Factor: FXR; motif: NRGGKCANTGRCCNNNNGG,0.0020303760004867,True,Factor: FXR; motif: NRGGKCANTGRCCNNNNGG,5691,239,103,20093,0.4309623430962343,0.01809875241609559,query_1,['TF:M00000']
TF,TF:M11603_1,Factor: TCF-1; motif: ACATCGRGRCGCTGW; match class: 1,0.0020333830606812943,True,Factor: TCF-1; motif: ACATCGRGRCGCTGW; match class: 1,13360,239,193,20093,0.8075313807531381,0.014446107784431138,query_1,['TF:M11603']
TF,TF:M10435_1,Factor: Sp2; motif: GGGGCGGGG; match class: 1,0.002098363665140834,True,Factor: Sp2; motif: GGGGCGGGG; match class: 1,3543,239,73,20093,0.3054393305439331,0.020604007902907142,query_1,['TF:M10435']
TF,TF:M12725,Factor: PHB; motif: NCCCAGCCCCY,0.049467590173269155,True,Factor: PHB; motif: NCCCAGCCCCY,10410,239,156,20093,0.6527196652719666,0.014985590778097982,query_1,['TF:M00000']
TF,TF:M07226_1,Factor: SP1; motif: NCCCCKCCCCC; match class: 1,0.00218428787828737,True,Factor: SP1; motif: NCCCCKCCCCC; match class: 1,3960,239,79,20093,0.3305439330543933,0.01994949494949495,query_1,['TF:M07226']
TF,TF:M09896,Factor: E2F-7; motif: GRGGCGGGAANNN,0.002225432545459879,True,Factor: E2F-7; motif: GRGGCGGGAANNN,10067,239,157,20093,0.6569037656903766,0.0155955100824476,query_1,['TF:M00000']
TF,TF:M09910,Factor: ER-beta; motif: RGGTCASCNTGMCCY,0.0022420212304121038,True,Factor: ER-beta; motif: RGGTCASCNTGMCCY,9637,239,152,20093,0.6359832635983264,0.01577254332261077,query_1,['TF:M00000']
TF,TF:M07486,Factor: ZNF300; motif: SWGGGGGSN,0.0022679891302791015,True,Factor: ZNF300; motif: SWGGGGGSN,12986,239,189,20093,0.7907949790794979,0.014554135222547358,query_1,['TF:M00000']
TF,TF:M09738_1,Factor: ZNF511; motif: GGRRGRGGCWGNG; match class: 1,0.0023098927331953218,True,Factor: ZNF511; motif: GGRRGRGGCWGNG; match class: 1,4819,239,91,20093,0.3807531380753138,0.018883585806183857,query_1,['TF:M09738']
TF,TF:M07380,Factor: E2F-4; motif: NTTTCSCGCC,0.002337158825310517,True,Factor: E2F-4; motif: NTTTCSCGCC,13183,239,191,20093,0.799163179916318,0.014488356216339225,query_1,['TF:M00000']
TF,TF:M03811,Factor: AP-2gamma; motif: GCCYNCRGSN,0.002506813805915007,True,Factor: AP-2gamma; motif: GCCYNCRGSN,8890,239,143,20093,0.5983263598326359,0.01608548931383577,query_1,['TF:M00000']
TF,TF:M00695,Factor: ETF; motif: GVGGMGG,0.002574073804423478,True,Factor: ETF; motif: GVGGMGG,10523,239,162,20093,0.6778242677824268,0.01539484937755393,query_1,['TF:M00000']
TF,TF:M09971,Factor: GKLF; motif: WGGGYGKGGC,0.0027816372587272063,True,Factor: GKLF; motif: WGGGYGKGGC,5651,239,102,20093,0.42677824267782427,0.018049902672093436,query_1,['TF:M00000']
TF,TF:M13144,Factor: ZNF138; motif: GCAGCRSCNSGSNCMGSGCS,0.0028472541567523776,True,Factor: ZNF138; motif: GCAGCRSCNSGSNCMGSGCS,9668,239,152,20093,0.6359832635983264,0.015721969383533305,query_1,['TF:M00000']
TF,TF:M09969,Factor: EKLF; motif: NGGGYGKGGCNNGG,7.593801473840333e-06,True,Factor: EKLF; motif: NGGGYGKGGCNNGG,4641,239,96,20093,0.401673640167364,0.02068519715578539,query_1,['TF:M00000']
TF,TF:M07602,Factor: CP2; motif: NNNNCCAGNCNN,0.0032198660944010365,True,Factor: CP2; motif: NNNNCCAGNCNN,11265,239,170,20093,0.7112970711297071,0.015090989791389259,query_1,['TF:M00000']
TF,TF:M09973_1,Factor: CPBP; motif: GNNRGGGHGGGGNNGGGRN; match class: 1,7.550474690639149e-06,True,Factor: CPBP; motif: GNNRGGGHGGGGNNGGGRN; match class: 1,6708,239,124,20093,0.5188284518828452,0.018485390578413835,query_1,['TF:M09973']
TF,TF:M00932,Factor: Sp1; motif: NNGGGGCGGGGNN,6.27400734303878e-06,True,Factor: Sp1; motif: NNGGGGCGGGGNN,10610,239,171,20093,0.7154811715481172,0.016116870876531575,query_1,['TF:M00000']
TF,TF:M09967,Factor: AP-2rep; motif: NGGGGCGGGGC,0.005263420275593363,True,Factor: AP-2rep; motif: NGGGGCGGGGC,4046,239,79,20093,0.3305439330543933,0.019525457241720216,query_1,['TF:M00000']
TF,TF:M07129_1,Factor: Sp2; motif: GYCCCGCCYCYNNNN; match class: 1,0.00505315930744135,True,Factor: Sp2; motif: GYCCCGCCYCYNNNN; match class: 1,2431,239,55,20093,0.2301255230125523,0.02262443438914027,query_1,['TF:M07129']
TF,TF:M00008_1,Factor: Sp1; motif: GGGGCGGGGT; match class: 1,0.004942307068460428,True,Factor: Sp1; motif: GGGGCGGGGT; match class: 1,4973,239,92,20093,0.38493723849372385,0.018499899457068168,query_1,['TF:M00008']
TF,TF:M04727,Factor: CTCF; motif: ACCAGGKGGC,0.004876179961652438,True,Factor: CTCF; motif: ACCAGGKGGC,6634,239,114,20093,0.4769874476987448,0.01718420259270425,query_1,['TF:M00000']
TF,TF:M13132,Factor: ZNF609; motif: GNSNGGGNGCTGN,0.004826458097224989,True,Factor: ZNF609; motif: GNSNGGGNGCTGN,11229,239,169,20093,0.7071129707112971,0.015050316145694185,query_1,['TF:M00000']
TF,TF:M02036,Factor: WT1; motif: CGCCCCCNCN,0.0020296214805830366,True,Factor: WT1; motif: CGCCCCCNCN,9882,239,155,20093,0.6485355648535565,0.01568508399109492,query_1,['TF:M00000']
TF,TF:M01303_1,Factor: SP1; motif: GGGGYGGGGNS; match class: 1,0.0045970796690430245,True,Factor: SP1; motif: GGGGYGGGGNS; match class: 1,3547,239,72,20093,0.301255230125523,0.020298844093600225,query_1,['TF:M01303']
TF,TF:M01783_1,Factor: SP2; motif: GGGCGGGAC; match class: 1,6.569489835638279e-06,True,Factor: SP2; motif: GGGCGGGAC; match class: 1,4350,239,92,20093,0.38493723849372385,0.021149425287356322,query_1,['TF:M01783']
TF,TF:M00986,Factor: Churchill; motif: CGGGNN,0.003609994003759123,True,Factor: Churchill; motif: CGGGNN,14432,239,203,20093,0.8493723849372385,0.014065964523281597,query_1,['TF:M00000']
TF,TF:M08209,Factor: E2F-3:FOXO6; motif: NAATGACACGCGCCCMC,6.6615509345011724e-06,True,Factor: E2F-3:FOXO6; motif: NAATGACACGCGCCCMC,13918,239,205,20093,0.8577405857740585,0.014729127748239689,query_1,['TF:M00000']
TF,TF:M09967_1,Factor: AP-2rep; motif: NGGGGCGGGGC; match class: 1,0.00341751889489774,True,Factor: AP-2rep; motif: NGGGGCGGGGC; match class: 1,1382,239,38,20093,0.1589958158995816,0.027496382054992764,query_1,['TF:M09967']
TF,TF:M01721_1,Factor: PUR1; motif: GGGNCAGNN; match class: 1,7.147610652609823e-06,True,Factor: PUR1; motif: GGGNCAGNN; match class: 1,3415,239,78,20093,0.3263598326359833,0.022840409956076134,query_1,['TF:M01721']
TF,TF:M10426_1,Factor: ctcf; motif: CCRSCAGGGGGCGCN; match class: 1,0.003342162034436435,True,Factor: ctcf; motif: CCRSCAGGGGGCGCN; match class: 1,4354,239,84,20093,0.3514644351464435,0.01929260450160772,query_1,['TF:M10426']
TF,TF:M07040_1,Factor: GKLF; motif: NNRRGRRNGNSNNN; match class: 1,0.004210238082872978,True,Factor: GKLF; motif: NNRRGRRNGNSNNN; match class: 1,8294,239,135,20093,0.5648535564853556,0.01627682662165421,query_1,['TF:M07040']
TF,TF:M08526,Factor: E2F-3:HES-7; motif: NNNSGCGCSNNNNNCRCGYGNN,0.0005750314064920681,True,Factor: E2F-3:HES-7; motif: NNNSGCGCSNNNNNCRCGYGNN,17184,239,229,20093,0.9581589958158996,0.01332635009310987,query_1,['TF:M00000']
TF,TF:M01104,Factor: MOVO-B; motif: GNGGGGG,0.002012002480502723,True,Factor: MOVO-B; motif: GNGGGGG,10403,239,161,20093,0.6736401673640168,0.015476304912044603,query_1,['TF:M00000']
TF,TF:M12160,Factor: KLF15; motif: RCCMCRCCCMCN,0.002001805690210764,True,Factor: KLF15; motif: RCCMCRCCCMCN,12970,239,189,20093,0.7907949790794979,0.014572089437162683,query_1,['TF:M00000']
TF,TF:M12719,Factor: ZNF764; motif: NNASYGCCNCCTNCTGGN,0.0010116498772528815,True,Factor: ZNF764; motif: NNASYGCCNCCTNCTGGN,2373,239,56,20093,0.23430962343096234,0.02359882005899705,query_1,['TF:M00000']
TF,TF:M12158,Factor: KLF15; motif: NCCMCGCCCMCN,0.0008925015090513146,True,Factor: KLF15; motif: NCCMCGCCCMCN,11280,239,172,20093,0.7196652719665272,0.01524822695035461,query_1,['TF:M00000']
TF,TF:M09910_1,Factor: ER-beta; motif: RGGTCASCNTGMCCY; match class: 1,0.0008783396553831625,True,Factor: ER-beta; motif: RGGTCASCNTGMCCY; match class: 1,4083,239,82,20093,0.34309623430962344,0.020083272103845213,query_1,['TF:M09910']
TF,TF:M03920,Factor: SP1; motif: RCCMCRCCCMC,0.0008285202510383029,True,Factor: SP1; motif: RCCMCRCCCMC,7367,239,126,20093,0.5271966527196653,0.017103298493280846,query_1,['TF:M00000']
TF,TF:M05499,Factor: LKLF; motif: NGGGCGG,0.000803835427436074,True,Factor: LKLF; motif: NGGGCGG,8007,239,134,20093,0.5606694560669456,0.01673535656300737,query_1,['TF:M00000']
TF,TF:M05386,Factor: KLF17; motif: NGGGCGG,0.000803835427436074,True,Factor: KLF17; motif: NGGGCGG,8007,239,134,20093,0.5606694560669456,0.01673535656300737,query_1,['TF:M00000']
TF,TF:M09739,Factor: ZGPAT; motif: GRGGCWGNGGNG,0.001098380488038462,True,Factor: ZGPAT; motif: GRGGCWGNGGNG,8372,239,138,20093,0.5774058577405857,0.016483516483516484,query_1,['TF:M00000']
TF,TF:M07486_1,Factor: ZNF300; motif: SWGGGGGSN; match class: 1,7.965523523446324e-06,True,Factor: ZNF300; motif: SWGGGGGSN; match class: 1,7499,239,134,20093,0.5606694560669456,0.017869049206560874,query_1,['TF:M07486']
TF,TF:M11531_1,Factor: E2F-2; motif: GCGCGCGCGYW; match class: 1,0.000698989999092178,True,Factor: E2F-2; motif: GCGCGCGCGYW; match class: 1,12455,239,185,20093,0.7740585774058577,0.014853472501003613,query_1,['TF:M11531']
TF,TF:M08867,Factor: AP2; motif: GCCYGSGGSN,0.000698696194449893,True,Factor: AP2; motif: GCCYGSGGSN,10181,239,160,20093,0.6694560669456067,0.0157155485708673,query_1,['TF:M00000']
TF,TF:M01199,Factor: RNF96; motif: BCCCGCRGCC,0.0006950523291232862,True,Factor: RNF96; motif: BCCCGCRGCC,8564,239,141,20093,0.5899581589958159,0.016464269033162074,query_1,['TF:M00000']
TF,TF:M04823,Factor: E2F-4; motif: NNTTCCCGCCNN,0.0006220000701807396,True,Factor: E2F-4; motif: NNTTCCCGCCNN,12920,239,190,20093,0.7949790794979079,0.014705882352941176,query_1,['TF:M00000']
TF,TF:M00716_1,Factor: ZF5; motif: GSGCGCGR; match class: 1,0.0006037546644020918,True,Factor: ZF5; motif: GSGCGCGR; match class: 1,14317,239,204,20093,0.8535564853556485,0.014248795138646365,query_1,['TF:M00716']
TF,TF:M07289,Factor: GKLF; motif: NNNRGGNGNGGSN,0.000597017523761996,True,Factor: GKLF; motif: NNNRGGNGNGGSN,14949,239,210,20093,0.8786610878661087,0.014047762392133253,query_1,['TF:M00000']
TF,TF:M00245,Factor: Egr-3; motif: NTGCGTGGGCGK,0.0007246004628583522,True,Factor: Egr-3; motif: NTGCGTGGGCGK,7431,239,127,20093,0.5313807531380753,0.017090566545552417,query_1,['TF:M00000']
TF,TF:M09892,Factor: E2F-1; motif: NNNNGGCGGGAARN,0.0020071194190778626,True,Factor: E2F-1; motif: NNNNGGCGGGAARN,13753,239,197,20093,0.8242677824267782,0.014324147458736275,query_1,['TF:M00000']
TF,TF:M12590,Factor: CP2; motif: NRRRCCGGCYNRARCCGGNN,0.0011380704233932397,True,Factor: CP2; motif: NRRRCCGGCYNRARCCGGNN,11130,239,170,20093,0.7112970711297071,0.015274034141958671,query_1,['TF:M00000']
TF,TF:M09738,Factor: ZNF511; motif: GGRRGRGGCWGNG,0.001155962405628094,True,Factor: ZNF511; motif: GGRRGRGGCWGNG,11042,239,169,20093,0.7071129707112971,0.01530519833363521,query_1,['TF:M00000']
TF,TF:M11883,Factor: pax-6; motif: NYACGCNTSRNYGCNYN,0.0019033657018403096,True,Factor: pax-6; motif: NYACGCNTSRNYGCNYN,13647,239,196,20093,0.8200836820083682,0.014362130871253756,query_1,['TF:M00000']
TF,TF:M07348,Factor: AP-2alpha; motif: NSCCNCRGGSN,0.0018829198496088345,True,Factor: AP-2alpha; motif: NSCCNCRGGSN,8604,239,140,20093,0.5857740585774058,0.016271501627150162,query_1,['TF:M00000']
TF,TF:M11601_1,Factor: TCF-1; motif: ACATCGRGRCGCTGW; match class: 1,0.001858210552435437,True,Factor: TCF-1; motif: ACATCGRGRCGCTGW; match class: 1,11193,239,170,20093,0.7112970711297071,0.015188063968551773,query_1,['TF:M11601']
TF,TF:M12636_1,Factor: MLLT10; motif: CYNNCCNNGGNGCTG; match class: 1,0.0018578150297738894,True,Factor: MLLT10; motif: CYNNCCNNGGNGCTG; match class: 1,3532,239,73,20093,0.3054393305439331,0.020668176670441678,query_1,['TF:M12636']
TF,TF:M10530_1,Factor: sp4; motif: NNNGCYCCGCCCCCY; match class: 1,0.001685775434597708,True,Factor: sp4; motif: NNNGCYCCGCCCCCY; match class: 1,3797,239,77,20093,0.32217573221757323,0.02027916776402423,query_1,['TF:M10530']
TF,TF:M04953,Factor: Sp1; motif: GGNDGGRGGCGGGG,0.0016372792929432568,True,Factor: Sp1; motif: GGNDGGRGGCGGGG,8836,239,143,20093,0.5983263598326359,0.016183793571751925,query_1,['TF:M00000']
TF,TF:M10435,Factor: Sp2; motif: GGGGCGGGG,0.0011514269780929477,True,Factor: Sp2; motif: GGGGCGGGG,7807,239,131,20093,0.5481171548117155,0.016779812988343794,query_1,['TF:M00000']
TF,TF:M07226,Factor: SP1; motif: NCCCCKCCCCC,0.0016209576692260393,True,Factor: SP1; motif: NCCCCKCCCCC,8420,239,138,20093,0.5774058577405857,0.0163895486935867,query_1,['TF:M00000']
TF,TF:M04934_1,Factor: TR4; motif: ACCCCGS; match class: 1,0.0014948599466298182,True,Factor: TR4; motif: ACCCCGS; match class: 1,15713,239,216,20093,0.9037656903765691,0.013746579265576275,query_1,['TF:M04934']
TF,TF:M01273,Factor: SP4; motif: SCCCCGCCCCS,0.0014720256991800395,True,Factor: SP4; motif: SCCCCGCCCCS,3309,239,70,20093,0.2928870292887029,0.021154427319431852,query_1,['TF:M00000']
TF,TF:M04863_1,Factor: TF3C-beta; motif: CCNGGAGGGCTTCCTGGAGGAG; match class: 1,0.0014693376633395908,True,Factor: TF3C-beta; motif: CCNGGAGGGCTTCCTGGAGGAG; match class: 1,8573,239,140,20093,0.5857740585774058,0.016330339437769743,query_1,['TF:M04863']
TF,TF:M02089,Factor: E2F-3; motif: GGCGGGN,0.001399646055193105,True,Factor: E2F-3; motif: GGCGGGN,13411,239,194,20093,0.8117154811715481,0.01446573708150026,query_1,['TF:M00000']
TF,TF:M00244,Factor: NGFI-C; motif: WTGCGTGGGYGG,0.0012684275125166876,True,Factor: NGFI-C; motif: WTGCGTGGGYGG,6245,239,111,20093,0.46443514644351463,0.0177742193755004,query_1,['TF:M00000']
TF,TF:M08878_1,Factor: EGR; motif: CGCCCCCGCNN; match class: 1,0.0012322087225528832,True,Factor: EGR; motif: CGCCCCCGCNN; match class: 1,3227,239,69,20093,0.28870292887029286,0.021382088627207932,query_1,['TF:M08878']
TF,TF:M11531,Factor: E2F-2; motif: GCGCGCGCGYW,0.0015403045603031513,True,Factor: E2F-2; motif: GCGCGCGCGYW,13423,239,194,20093,0.8117154811715481,0.014452804887134024,query_1,['TF:M00000']
WP,WP:WP5546,22q11 2 distal CNV,1.0182809993901448e-05,True,22q11 2 distal CNV,139,144,14,8899,0.09722222222222222,0.10071942446043165,query_1,['WP:000000']
WP,WP:WP4657,22q11 2 copy number variation syndrome,1.060749737409542e-26,True,22q11 2 copy number variation syndrome,124,144,31,8899,0.2152777777777778,0.25,query_1,['WP:000000']
